Time,Time Code,Country Name,Country Code,Current account balance (% of GDP) [BN.CAB.XOKA.GD.ZS],"Foreign direct investment, net inflows (% of GDP) [BX.KLT.DINV.WD.GD.ZS]","Foreign direct investment, net outflows (% of GDP) [BM.KLT.DINV.WD.GD.ZS]","Personal remittances, received (% of GDP) [BX.TRF.PWKR.DT.GD.ZS]","Travel services (% of service exports, BoP) [BX.GSR.TRVL.ZS]","Travel services (% of service imports, BoP) [BM.GSR.TRVL.ZS]","Transport services (% of service exports, BoP) [BX.GSR.TRAN.ZS]","Transport services (% of service imports, BoP) [BM.GSR.TRAN.ZS]",Trade in services (% of GDP) [BG.GSR.NFSV.GD.ZS]
1990,YR1990,Afghanistan,AFG,..,..,..,..,..,..,..,..,..
1990,YR1990,Argentina,ARG,3.22031448392387,1.29887904052817,0.0246921335659172,0.0161581685623613,36.9174161896975,37.5320512820513,47.2608340147179,30.0320512820513,3.93766924813715
1990,YR1990,Australia,AUS,-4.98758923362716,2.7158702183335,0.203287234437252,0.760895211138912,40.921798686877,29.7916638203279,33.585195855591,33.5926252026927,7.87178192844598
1990,YR1990,Bangladesh,BGD,-1.25927364158709,0.0102498457488284,0.00158236156610063,2.46489398309466,4.83603112162768,11.1341095874671,9.77582276606933,56.2467142780581,3.45593914293969
1990,YR1990,Belgium,BEL,..,3.91889227083561,3.07523802968048,1.74504806529481,..,..,..,..,..
1990,YR1990,India,IND,-2.19193586906134,0.0737400205365026,0.00186928101406488,0.742646650962366,33.6953918457819,6.4562490533793,20.7447902970952,56.1315810985902,3.33804100683153
1990,YR1990,Indonesia,IDN,-2.81513051122,1.02976494269192,-0.0103635996062316,0.156396139512222,86.5353697749196,13.8044914134742,2.81350482315113,46.1476221928666,8.04969045778569
1990,YR1990,Ireland,IRL,..,1.26133865345752,0.738017103168361,0.579393346247381,..,..,..,..,..
1990,YR1990,Japan,JPN,..,0.0566884198465378,1.59373585096663,..,..,..,..,..,..
1990,YR1990,Malaysia,MYS,-1.97596593915066,5.29807441993266,0.293018092726799,0.420722033817905,43.6386280896723,26.4442197505897,31.0404292009963,46.154364678126,21.2233689673416
1990,YR1990,Maldives,MDV,4.58227775785015,2.60411859208412,0,0.790536023489411,87.7349159248269,39.5166592158203,9.76261127596439,51.726404922818,64.6970013144443
1990,YR1990,Pakistan,PAK,-4.15244201309876,0.612997661913938,0.00486943840835003,5.01436068130985,10.2565932074398,20.772861360258,50.5109668650753,60.1957580116921,8.75310428519107
1990,YR1990,United Kingdom,GBR,-3.55031184555805,3.78380567982468,2.55984960218268,0.192015501781238,27.6281030838792,37.6354521275514,24.0620927054017,30.4232523803642,9.6196086350861
1990,YR1990,United States,USA,-1.32399955459737,1.19450410722934,1.00517445159802,0.0196205223284898,34.0862978493169,32.3786861561995,25.388881374273,30.4750573638141,4.45285238793496
1998,YR1998,Afghanistan,AFG,..,..,..,..,..,..,..,..,..
1998,YR1998,Argentina,ARG,-4.8443160454196,2.43876896154487,0.777886139156192,0.0229136648232595,62.4021412658893,45.6498823135867,24.1764974046204,30.0962027290345,4.72118070582919
1998,YR1998,Australia,AUS,-4.44875288739197,1.90095000193573,1.16761226669834,0.125498463227455,47.0373786870886,32.0094114821087,24.0841995899643,34.3317570276475,8.96018326325474
1998,YR1998,Bangladesh,BGD,-0.0703537046583936,0.380236166897956,0.00600617572182154,3.2125653790456,7.23030532137841,12.179656822769,12.7339150262805,68.2522554225896,3.92877381011118
1998,YR1998,Belgium,BEL,..,8.77679407696031,11.1575001955561,1.6262051495013,..,..,..,..,..
1998,YR1998,India,IND,-1.63832533358649,0.625286204187866,0.0112953313643807,2.24973791761798,25.2200635231966,11.7815211851047,15.1657042292926,48.7842277206729,6.22545415561255
1998,YR1998,Indonesia,IDN,4.29246398762731,-0.252290447660406,0.0460995834595427,1.00389177007795,94.9988836793927,17.384454482671,0.133958472873409,31.0636676356991,17.3577626640676
1998,YR1998,Ireland,IRL,..,9.82513843427325,4.32902683954125,0.303399862759129,..,..,..,..,..
1998,YR1998,Japan,JPN,2.79831344439407,0.0612933042415228,0.483244007697163,0.0135117034274042,5.97195193711872,25.5447530904243,33.9108552782247,23.5116993523241,4.28065037759896
1998,YR1998,Malaysia,MYS,13.2035212438437,2.99775085201457,1.19582916435711,0.262700428021064,20.6699707938757,13.5963039173817,19.7185591645279,31.1449314749388,34.1475247230069
1998,YR1998,Maldives,MDV,-4.04791854699075,2.13257608728799,0,0.453622725645156,91.4527933580874,42.6158804132073,6.71760997156321,46.6186581612493,79.6473708420247
1998,YR1998,Pakistan,PAK,-3.61461538001894,0.813610045502484,0.0803962495555814,1.88448808958283,6.40176600441501,16.5124884366327,52.6122148638705,64.477335800185,5.66150389370405
1998,YR1998,United Kingdom,GBR,-0.318861634089026,6.64074193589353,9.55283410132241,0.0841746534798497,21.0391336325408,37.8844698498093,16.9470355202334,25.8800915107664,12.1482160379377
1998,YR1998,United States,USA,-2.37273875749317,2.32984922894518,1.92831849988377,0.0268900903193909,32.3484303584545,32.3512807456441,17.4884974140588,28.1454094622418,4.89299233545411
1999,YR1999,Afghanistan,AFG,..,..,..,..,..,..,..,..,..
1999,YR1999,Argentina,ARG,-4.21229506178187,8.46058217133806,0.610279589310215,0.0226789361004222,61.5328268005954,47.6677129080624,23.5416836584493,27.5424311095599,4.76483230820728
1999,YR1999,Australia,AUS,-5.59363165883695,0.567408043229212,0.0799084204172389,0.136483871333733,49.2677760848004,32.1637528632619,22.8898139653657,33.3191308876567,9.75393968880203
1999,YR1999,Bangladesh,BGD,-0.710651968609125,0.350304290993085,0.000116955984956324,3.52403766089633,6.41945129832198,14.9233976341214,12.1382396132497,66.0610261088217,4.27488018465311
1999,YR1999,Belgium,BEL,..,46.3484571485071,47.3596107375427,1.72970095198795,..,..,..,..,..
1999,YR1999,India,IND,-0.70354820631743,0.472644845877164,0.0172959733957345,2.42453919285622,20.7431156332652,11.6362506658317,12.7081930722171,40.4100340519323,6.92651740079469
1999,YR1999,Indonesia,IDN,4.13060184583257,-1.33257354110796,0.0514280750684985,0.792135211818957,94.64636202967,19.0108914710063,0.0869833066779555,26.6881644105123,12.1246308437362
1999,YR1999,Ireland,IRL,..,18.4143116868107,6.17724584403978,0.298486412401498,..,..,..,..,..
1999,YR1999,Japan,JPN,2.46175299896327,0.318821542368848,0.52333825156509,0.0122190696014255,5.61058229652793,28.153352474438,37.4557947391279,24.4868784666584,3.83009059700453
1999,YR1999,Malaysia,MYS,15.9240800095756,4.92146666489341,1.79709007726988,0.407961059169315,29.6674123268952,13.3910776154588,20.6100342075257,32.0298603421796,33.8966099666183
1999,YR1999,Maldives,MDV,-13.3953146587577,2.09121158653824,0,0.372828692656533,91.4626952965504,41.6906276810076,6.8691362020502,47.4882759182374,76.5239488464714
1999,YR1999,Pakistan,PAK,-1.46092369568391,0.84479500663461,0.0333471713145241,1.58160869663171,5.56390977443609,8.99755501222494,56.0902255639098,69.242053789731,5.35936681840566
1999,YR1999,United Kingdom,GBR,-2.11518369418468,7.69577208616152,14.3584167573294,0.322721017792987,17.3925981869896,40.1992162288548,14.5393025624955,18.3339137036287,14.536842119159
1999,YR1999,United States,USA,-2.97598180084223,3.24414224201686,2.56962429953542,0.0440860043066343,32.0668928081958,29.9192347377035,16.6552157037666,25.3599873947231,4.9292015272095
2000,YR2000,Afghanistan,AFG,..,..,..,..,..,..,..,..,..
2000,YR2000,Argentina,ARG,-3.15992237703676,3.66579059535379,0.317035999467937,0.030380900529948,59.2625662981003,48.2041697943184,24.0993347400891,26.6087017264637,4.95398955911897
2000,YR2000,Australia,AUS,-3.72140115832283,3.57859921888914,0.983982741264129,0.124549288549643,46.9956702565009,33.0333775325401,21.2591193819431,33.944885924842,9.44061862665538
2000,YR2000,Bangladesh,BGD,-0.573042663299641,0.525362089236089,0.00374743857992115,3.68659677566545,6.18049261128857,17.5948856447266,11.1996059522344,61.465260918749,4.6159307148948
2000,YR2000,Belgium,BEL,..,37.4753122979087,36.4714779710626,1.69118708877619,..,..,..,..,..
2000,YR2000,India,IND,-0.982343805648837,0.76521264900652,0.108782767314956,2.75055619357081,20.7363730542912,14.0210431065589,13.6535825149931,45.6304093644096,7.65872044387686
2000,YR2000,Indonesia,IDN,4.84306452849134,-2.75743993350903,0,0.721241486168322,95.4080173199089,20.4424314517993,0.0767144561345298,25.9009419059007,12.6354965255041
2000,YR2000,Ireland,IRL,..,25.7260262388974,4.61911853844462,0.251386740507298,..,..,..,..,..
2000,YR2000,Japan,JPN,2.63045548903539,0.215124715468568,0.90628499878474,0.015566642799602,4.85810157902068,26.9522261206082,36.8327221830719,28.0995467446311,3.77833548855399
2000,YR2000,Malaysia,MYS,9.04991849068886,4.03842862393764,2.1602071823592,0.365038257468414,35.6781528223268,12.3899673476827,19.9473905093078,35.1680227277726,32.832287227028
2000,YR2000,Maldives,MDV,-8.24543127431548,3.57378188906309,0,0.351869961060622,92.0419401873225,42.1068007815782,5.79726398856023,48.8332590462092,73.3855851434882
2000,YR2000,Pakistan,PAK,-0.0854401858342493,0.309595026317044,0.0110569652256087,1.08056705613903,6.04477611940298,11.7370892018779,62.6865671641791,71.2206572769953,3.48796993935112
2000,YR2000,United Kingdom,GBR,-1.80978814155872,9.85451206947804,17.5347102476687,0.304669056393497,16.9524607933577,40.4122396372304,14.962831969909,19.3783598981547,14.9489251847361
2000,YR2000,United States,USA,-3.92088614748242,3.40578256861876,1.81807575313563,0.0428740834631706,32.5045382403372,29.0473410009551,16.5963700788194,26.4908635806073,5.06247812545605
2001,YR2001,Afghanistan,AFG,..,..,..,..,..,..,..,..,..
2001,YR2001,Argentina,ARG,-1.40694788500181,0.806164134759348,0.0598729562211523,0.0705628184933387,57.5711953937682,46.1412146450956,20.6918956871765,25.3770754370958,4.84780538283328
2001,YR2001,Australia,AUS,-2.1038782912626,2.82305214676613,3.52470928080219,0.128215784102062,51.4951614854594,32.8237618300785,21.9668640451857,33.7065407396855,9.31970793003159
2001,YR2001,Bangladesh,BGD,-0.991687231894648,0.145443904569924,0.038154302405805,3.89794627098135,6.32106623905187,10.7498893220001,9.56927391667682,67.0975432881821,4.24418629496555
2001,YR2001,Belgium,BEL,..,37.2564694834172,42.512240460582,1.66141614657148,..,..,..,..,..
2001,YR2001,India,IND,0.290494936396436,1.05637830509657,0.217149393387037,2.94021690587808,18.4464791253175,14.9555519552331,15.0089449028275,42.9395219740001,7.71173387814272
2001,YR2001,Indonesia,IDN,4.30104853135351,-1.85568619300523,0,0.651928886426835,95.9276086625363,21.4462809555318,0.0727212738832799,24.653256864849,13.3256485111565
2001,YR2001,Ireland,IRL,..,8.82598474895757,3.71779774821644,0.223142899842199,..,..,..,..,..
2001,YR2001,Japan,JPN,1.97087092323799,0.112602474486226,0.815148295676261,0.0285629435581755,5.10790737155023,23.8829804601013,37.062977191514,28.1417169849257,4.01856448040285
2001,YR2001,Malaysia,MYS,7.85355934414698,0.59702931825208,0.28759512052618,0.395656009007911,47.1022737534088,15.6931827158543,18.8600530963862,34.4339995260289,33.6565705841811
2001,YR2001,Maldives,MDV,-6.74959538197381,2.36095464157791,0,0.209546249707598,92.3987482661243,41.0507301640857,5.54052222775628,48.1351364284358,53.3162083340863
2001,YR2001,Pakistan,PAK,1.93318034244488,0.38910658649849,0.0267639451030707,1.50392783829178,6.20592383638928,11.3975576662144,57.6868829337094,70.239710538218,3.7356291068863
2001,YR2001,United Kingdom,GBR,-1.76623319868349,3.3998059098334,4.69212414389557,0.300370686395866,15.5035665452346,40.0734157849253,14.8239524958479,18.4759020747008,15.3025561112367
2001,YR2001,United States,USA,-3.72407498836611,1.63009964802286,1.38009798892094,0.0426481756766949,30.4218171832146,27.2588475846477,16.182978738386,25.4780713211252,4.78240747017076
2002,YR2002,Afghanistan,AFG,..,1.30694988186642,..,..,..,..,..,..,..
2002,YR2002,Argentina,ARG,8.97078467784247,2.19895819502207,-0.641746114274746,0.211442420500352,44.883632536109,47.8522322640066,23.0843225542366,19.6516533309211,8.47726212553586
2002,YR2002,Australia,AUS,-4.04312576822907,3.70306730541189,1.7621397821422,0.117669488459505,51.7531336072463,32.2580509081296,20.4717180981081,33.3848514406307,9.57381992000989
2002,YR2002,Bangladesh,BGD,1.35086830489484,0.0955793676464671,0.00482874627523965,5.22266923917607,6.38655030911707,8.00813744641245,10.5349677066519,71.4561048218521,4.21400074091718
2002,YR2002,Belgium,BEL,4.49803373016796,7.01242443993657,3.45219479750913,1.75500262016461,17.7611761069554,27.2690592612729,23.8419231010533,21.5685647122124,29.5948750591269
2002,YR2002,India,IND,1.3709411110344,1.01157180543153,0.244897684758422,3.05585096618264,15.9264447714537,14.2032894354594,14.6986450224519,42.8927827410247,7.8683995048705
2002,YR2002,Indonesia,IDN,3.99852690784087,0.0741516383181159,0,0.643419007825212,79.3208033278325,19.2974593020039,15.8774613225271,30.2138652566639,12.1167911397346
2002,YR2002,Ireland,IRL,..,22.8030331273107,8.57364186040326,0.245813001303713,..,..,..,..,..
2002,YR2002,Japan,JPN,2.60256520794998,0.276304070175934,0.738773360676762,0.026940198623711,5.30340697065623,23.9603260794215,36.4050146570543,26.9092683235006,4.23621301952738
2002,YR2002,Malaysia,MYS,7.12945542035369,3.16612432250471,1.87832876233322,0.431352798574161,47.7124713353324,15.9142616692639,19.134591638737,35.8208883584152,31.1032767677506
2002,YR2002,Maldives,MDV,-3.96704001433817,2.75560074067064,0,0.224316836230622,92.886890108328,41.2137217534322,4.75622797690347,46.7518348081509,52.8448553943188
2002,YR2002,Pakistan,PAK,3.93573326208505,0.843517300073237,0.0316574289373733,3.62937104656209,4.06708595387841,11.9270346117867,33.2075471698113,64.9204864359214,4.61892100270127
2002,YR2002,United Kingdom,GBR,-1.97304333212519,5.02654863681235,6.77045298918697,0.293161418503394,16.0919206936437,40.0708262410897,14.3415607914263,17.7405986607875,15.3939489054857
2002,YR2002,United States,USA,-4.17333961025019,1.01613919132561,1.63769009193116,0.0418149214745672,27.6419066927261,25.2772197927865,15.9519404010984,23.7276157598756,4.77200667746232
2003,YR2003,Afghanistan,AFG,..,1.27849324104935,0.022119260264036,..,..,..,..,..,..
2003,YR2003,Argentina,ARG,6.37990680177011,1.29481086883944,0.606472572254758,0.214300874545602,45.7286443619018,44.9209435612694,21.8218218218218,20.6213966667323,7.81891734473324
2003,YR2003,Australia,AUS,-6.26582917008026,1.92099536209977,3.97611266757698,0.139302481493353,53.5229210401814,32.9441413467065,19.1973248639626,33.4376251431177,9.80195913136456
2003,YR2003,Bangladesh,BGD,0.218816448007947,0.445960783298092,0.00461746540028622,5.30538820275249,5.11040105238307,9.60425074974011,6.65188725919178,70.1175660351145,4.70573002956055
2003,YR2003,Belgium,BEL,3.39723910068487,10.8648744877518,12.2817329434309,1.81655249139261,17.7217198973315,27.4923003396079,23.1414119011846,21.6346414952943,28.5217635628516
2003,YR2003,India,IND,1.44356106281762,0.605889254714578,0.203693878689903,3.45551681338007,18.6707681046592,14.4093885062382,14.6687894536816,38.6583820561539,8.02693935733041
2003,YR2003,Indonesia,IDN,3.45304287667862,-0.254256320381005,0,0.634107308351031,76.2726662386729,17.7144317117897,16.1688715665855,27.721039339042,9.66608337047399
2003,YR2003,Ireland,IRL,..,13.8344483619933,3.37002638572807,0.204731348387573,..,..,..,..,..
2003,YR2003,Japan,JPN,3.08393890811208,0.194079344432153,0.762564558891062,0.0179473405667154,11.3684188088021,25.5201497839109,34.035852696528,27.871912504046,4.23286063064564
2003,YR2003,Malaysia,MYS,12.1423505560344,2.92094209456765,1.91943529726413,0.518185443526144,43.2594490414462,16.2353930096592,20.2844503436979,35.7052258689142,28.2861911937131
2003,YR2003,Maldives,MDV,-2.97459860405959,3.02003608691611,0,0.191251007531669,92.97221347633,38.4603438161626,4.66338402074714,48.9273751174738,52.4839124995736
2003,YR2003,Pakistan,PAK,3.17962013910419,0.475207711805665,0.0169081395586285,3.52757185317913,4.15107179312691,28.6200495049505,28.4790745151412,49.1955445544554,5.49158574822614
2003,YR2003,United Kingdom,GBR,-1.82808406238088,1.7528640877232,3.99532530876201,0.276893445027936,14.986347819616,39.2715334342498,13.9166743915008,16.683475090379,15.831069054143
2003,YR2003,United States,USA,-4.55898086099347,1.02218472001084,1.70400198684163,0.0407805493475197,25.8555426805716,24.270236425169,15.6847532201454,24.2068304126939,4.80146452128331
2004,YR2004,Afghanistan,AFG,..,3.577104200584,-0.0133973940096779,..,..,..,..,..,..
2004,YR2004,Argentina,ARG,1.95058324319273,2.5050175164097,0.410542023782955,0.189350126740114,43.2386885816831,39.9854741775099,22.8035484526309,24.9689061410755,7.09409499310412
2004,YR2004,Australia,AUS,-6.71703905379547,6.98071685334312,1.59194479079586,0.134176476084307,54.7700509506664,37.6346802771311,18.7722419113485,34.0873468661369,9.1298137681683
2004,YR2004,Bangladesh,BGD,-0.428022753319864,0.689472335587341,0.00624929154575158,5.50437314918371,5.87098754069738,8.23865796783014,7.04443387445185,72.7183713806531,4.74690241203543
2004,YR2004,Belgium,BEL,3.09695508992497,12.0521106747569,9.41114900942278,1.77742921075937,17.0216374090645,27.638022161989,25.9600315193233,23.212195820486,28.3480060045653
2004,YR2004,India,IND,0.110018663963655,0.765601404561568,0.259051931304977,2.64406914981621,16.1943138117119,13.5882012328739,12.9132062698088,38.155079895871,10.3700226384848
2004,YR2004,Indonesia,IDN,0.60856132991737,0.738243979887563,1.32691226525771,0.726653829373429,37.6908350707697,16.8149932660134,17.9023215227526,26.2439632779067,13.0766806795259
2004,YR2004,Ireland,IRL,..,-5.45737370564051,9.29599697582593,0.212946193394332,..,..,..,..,..
2004,YR2004,Japan,JPN,3.71938350458585,0.153847735604894,0.830017786881675,0.0158094496467218,11.5167877602047,27.9483366986291,32.8628905927058,28.5013876077067,4.79603973794478
2004,YR2004,Malaysia,MYS,12.0877738119346,3.50787262049413,1.45343931416228,0.642783009315513,47.3846227281441,16.4908261610684,18.4646503402796,40.5507267001373,29.3226382138517
2004,YR2004,Maldives,MDV,-9.97084720945372,4.31467444592076,0,0.236389174435674,92.7657392546206,35.2584897990716,4.59336879748957,50.8540080473397,54.2118880842514
2004,YR2004,Pakistan,PAK,-0.617928012719509,0.845585701616171,0.0423549188644951,2.98375276643631,6.51854873070382,23.6390753169277,34.231484954534,38.9261744966443,6.1339074203615
2004,YR2004,United Kingdom,GBR,-2.29213993851292,3.59523929838674,5.31234165080503,0.245229660511519,14.9802335007016,38.0616246879144,13.9314163687598,16.3796361505129,16.4691761077888
2004,YR2004,United States,USA,-5.20485343641858,1.74869134454691,3.06129234381941,0.0387486710186017,24.8588685685427,24.2019235732351,15.7948202950626,24.7600695101598,5.19875547277074
2005,YR2005,Afghanistan,AFG,..,4.36867313365341,0.0241808476032477,0,..,..,..,..,..
2005,YR2005,Argentina,ARG,2.65363142179073,2.64935441452167,0.659695664726798,0.217417890692876,42.2588207604141,37.2114303397809,20.1981709677519,26.5233983691904,7.02181442228367
2005,YR2005,Australia,AUS,-6.23018337430443,-3.60692792508377,-4.70227513443665,0.135175703019256,54.9052440133956,37.8338441495603,18.4577022716904,34.5258641394466,8.84904520282438
2005,YR2005,Bangladesh,BGD,-0.250193220827654,1.17120896046669,0.00279353910558332,6.21301842032865,4.67682579769504,5.7629883790805,7.86130307548514,65.4240975246575,5.56058913860917
2005,YR2005,Belgium,BEL,1.99655304871952,8.72717720186463,8.43585987028478,1.78481779747509,17.1905301511286,28.4770041256314,25.5947773182919,24.0565764045622,28.4467236919549
2005,YR2005,India,IND,-1.25350731467589,0.886100720127634,0.321893491360932,2.69692660117839,14.3599178541318,13.1166208724564,12.5281183407252,44.2827644162681,12.109646662667
2005,YR2005,Indonesia,IDN,0.0970882462390686,2.91611483313067,1.07217084848954,1.89584318278586,34.7914472205281,16.1476386976808,21.8659915334835,33.5667288714344,12.3112447304556
2005,YR2005,Ireland,IRL,-3.37203846174545,22.1832694953893,43.3464712072139,0.241809292855696,8.70024539539597,8.50451531173866,4.81300549509143,3.45280057397632,59.6395411056782
2005,YR2005,Japan,JPN,3.52114065640567,0.113001254131506,1.06934422431377,0.0187309824125514,12.1911319651144,27.0225233431537,35.064547960985,29.0450588072869,4.9875856241013
2005,YR2005,Malaysia,MYS,13.9199700905602,2.73438734940078,2.04209134253747,0.778191510217667,44.7905629417667,16.9031314465063,20.5348567248732,38.2396800018262,29.0560412879003
2005,YR2005,Maldives,MDV,-23.4672692840522,4.55499674860077,0,0.194028097641342,88.7766954377362,32.82437767282,6.82344828229543,44.3679832836198,46.0690549200819
2005,YR2005,Pakistan,PAK,-2.48346235681318,1.51575083116461,0.0309899079520251,2.94748457854817,4.96724890829694,16.8598524762908,29.3668122270742,34.5758693361433,7.75160897573321
2005,YR2005,United Kingdom,GBR,-1.98153178021805,9.93454640049509,6.28781458834565,0.237701070327831,14.531505246787,37.7058647410526,13.0169391326831,16.468069501625,16.9995891166124
2005,YR2005,United States,USA,-5.74598170416952,1.09166213272067,0.403329983855397,0.0367737307255354,24.6830827762953,23.7366361114848,15.4236571639938,25.2371709873103,5.29719647484796
2006,YR2006,Afghanistan,AFG,..,3.41377294845747,..,0,..,..,..,..,..
2006,YR2006,Argentina,ARG,2.79449564264943,2.38106854489628,1.04865387216475,0.232474118424109,42.3621065659479,35.8265488485513,18.2047692380465,26.2469595628109,7.13157161999355
2006,YR2006,Australia,AUS,-6.18466297881987,4.08209296205439,3.21779360454035,0.135598299847293,54.9610782604736,41.7091035684135,16.426634360616,31.271424190361,9.58141117406
2006,YR2006,Bangladesh,BGD,1.66538337953829,0.635657187878018,0.00500538218041605,7.55720506353742,4.8578475939673,5.5016730488379,5.56911266481935,63.3744730687025,5.83675208693081
2006,YR2006,Belgium,BEL,1.85028932301471,14.4078713936676,12.2791987723086,1.7804555291479,17.0309159673085,28.6977232875764,27.0259491072897,24.7925898783003,28.1338626325321
2006,YR2006,India,IND,-0.988988302945319,2.13016842532993,1.4928673975065,3.01338413108156,12.4336229869764,11.697958427102,12.4590654993979,42.9966764394684,13.6083666090804
2006,YR2006,Indonesia,IDN,2.97870868013903,1.34794264068931,0.747661385555764,1.56961610211313,48.6166752263856,18.6933147321498,22.9755567803901,37.9428473260453,8.42361923860686
2006,YR2006,Ireland,IRL,-3.3862109692366,9.50555829114522,18.4780413300957,0.23229676116908,8.25176143420629,8.54728705661808,4.51543484218136,3.17223122967334,62.6309296665161
2006,YR2006,Japan,JPN,3.79586172862875,-0.0520879011005219,1.26372738030238,0.0255774585995197,7.7461850919188,19.0058753087818,34.4299801731087,30.2921595463497,5.44917254555697
2006,YR2006,Malaysia,MYS,16.1037222225662,4.72716484834358,4.69450223644798,0.839300079361867,49.4619715527146,17.9990103956197,19.6993883914617,40.3054658328652,27.4948105285338
2006,YR2006,Maldives,MDV,-19.1705839312749,4.0519805138003,0,0.177755161572692,92.856946761717,33.8860043040957,4.70968769879616,49.9452751052438,49.7099629205641
2006,YR2006,Pakistan,PAK,-4.16812395772995,2.63975006245443,0.0673374109074499,3.16362276382615,7.33812949640288,18.1743324314786,32.0287769784173,35.7957887307376,7.39846635805155
2006,YR2006,United Kingdom,GBR,-3.12218245755459,7.51858312899467,5.2522805450271,0.225432452570796,14.7020699169553,36.0071099715011,11.3252267101857,15.9455884091424,17.8922349096366
2006,YR2006,United States,USA,-5.91101922107059,2.16033528740671,2.05420877931708,0.0366832044058299,22.7256397044573,22.4354551986511,15.1328571496102,23.5727719555379,5.59090976668073
2014,YR2014,Afghanistan,AFG,-15.7724197930808,0.20966479421559,-9.34458240020542E-05,1.23611373350697,8.10477945250693,9.12940673459657,14.7238232714745,58.6633339612994,13.8664162103284
2014,YR2014,Argentina,ARG,-1.74400211981355,0.962406650325519,0.364900179293754,0.0960152008279335,37.0252865096738,33.1688887827363,18.3313600346557,23.085151113542,5.97242272666435
2014,YR2014,Australia,AUS,-3.04786094169404,4.30361075123204,1.53655961568102,0.158631372826848,59.7890966998173,46.2402537713317,9.92320124483632,21.2071854953367,8.86978315719977
2014,YR2014,Bangladesh,BGD,0.437162778791608,1.468713066347,0.024160464555699,8.66905397742888,4.89272899965384,5.14484919464054,12.5102996843859,68.2093244541425,6.30646995330243
2014,YR2014,Belgium,BEL,0.754863633619098,-2.84014749508768,-0.0781169299331051,2.27142806556155,11.0984236850293,20.2573904859794,20.6219521802007,19.8566945044103,45.3862712133672
2014,YR2014,India,IND,-1.33950896478618,1.69565958984687,0.573112116985533,3.45190175859968,12.5322115346075,17.9921577716076,11.8305135189418,20.1931234961202,11.6870988475611
2014,YR2014,Indonesia,IDN,-3.08816907525921,2.81997260412102,1.16607114019871,0.959926226606045,43.6069189893399,22.9034120447916,16.1105445349751,35.7015086882689,6.40666868474905
2014,YR2014,Ireland,IRL,1.07285792314113,37.5005979229747,34.9021605637867,0.279484278718238,3.67276687097076,4.58802514157616,5.21009036630338,2.05980319811879,104.809904959338
2014,YR2014,Japan,JPN,0.742322049627637,0.403354543401037,2.81651208481112,0.0762490669316558,11.4854258772093,10.0292869248876,24.1664071636684,23.8260993647708,7.27724718504427
2014,YR2014,Malaysia,MYS,4.39159166153878,3.14122940365348,4.75051317611132,0.467221522754601,53.7370963633426,27.4537310912174,11.3489865728475,28.104902408146,25.845762326831
2014,YR2014,Maldives,MDV,-3.18665825457902,9.01659145706348,0,0.0938516279211604,89.9063420521819,26.1655525771126,7.15529542201635,26.2797852433169,102.549820347328
2014,YR2014,Pakistan,PAK,-1.34787339235798,0.695308116834202,0.0449536779299272,6.35394444445627,4.84785972150593,16.1233167965982,23.5860409145608,48.1809591306402,5.26289657273074
2014,YR2014,United Kingdom,GBR,-5.01141706795705,1.92156774768545,-3.71700460982482,0.161100755282549,14.9684776592458,32.6140831092544,9.54328829044625,13.5142300681334,21.0092708715136
2014,YR2014,United States,USA,-2.10805505161045,1.43502130688419,2.20805687391019,0.0370526950267928,23.8113730929265,19.5990909905434,11.979129515884,20.3240178869603,7.1115990242305
2015,YR2015,Afghanistan,AFG,-21.912657221227,0.884000458750617,0.0113046306099865,1.8219958039439,9.45957409643531,12.1076265492773,11.2627041817642,73.4976687696712,10.7426792621561
2015,YR2015,Argentina,ARG,-2.96292666513535,1.97713461784426,0.147160030086657,0.0831331023452092,37.2872455290241,36.6903934679779,17.6317827266936,23.5690656528075,5.42111948411949
2015,YR2015,Australia,AUS,-4.22013773494112,3.46899584699556,0.610963074487449,0.160874488811472,62.0519860358706,46.1164306478721,9.1951052334781,20.8737942073991,8.81732815317026
2015,YR2015,Bangladesh,BGD,1.32234974132254,1.45128843109539,0.0307066136248186,7.84070533213337,4.62722974323641,5.53264986194878,12.4136764192985,74.7962278071326,5.61450522107196
2015,YR2015,Belgium,BEL,1.37632572493282,-4.22079695282357,1.58545696749609,2.26348844537198,7.21817395048791,13.0895662574678,20.8291237708364,22.3154230943819,46.1297005795595
2015,YR2015,India,IND,-1.0675490716688,2.09211521441126,0.357212265548514,3.27581644113407,13.4456744833139,17.9537833385457,9.16252708297244,18.6652622502565,11.3577957626952
2015,YR2015,Indonesia,IDN,-2.03504192745968,2.29761639380441,1.05414474550635,1.12204462407113,48.4272034261758,23.585933661684,15.5538672492272,31.0562369540805,6.17275619999475
2015,YR2015,Ireland,IRL,4.41656231063343,81.0838683875125,64.8597363861136,0.206459426058474,3.58720519799746,3.25897210522165,5.44985995957121,1.72189586319864,105.473200960498
2015,YR2015,Japan,JPN,3.0702796590698,0.118161987748241,3.11399705562359,0.0748065192301101,15.3485896478373,8.94305474188869,21.7602406004772,22.9761540597119,7.67811623967865
2015,YR2015,Malaysia,MYS,3.00891850128321,3.27094402931735,3.49818703070403,0.545442877050346,50.566368548849,26.6567707953728,12.0186326156789,26.1378597058606,24.9229351723326
2015,YR2015,Maldives,MDV,-7.30588031789161,7.21577938070337,0,0.0882315685146103,88.4298449782804,28.9296878064544,8.32199027256409,24.4801637697217,91.5354449516961
2015,YR2015,Pakistan,PAK,-0.934446742353906,0.557734356032139,0.00833434483012759,6.43611445161773,5.37561471934882,18.825933916203,19.9084280142445,42.136936527762,4.90192825528785
2015,YR2015,United Kingdom,GBR,-4.94667701136358,1.54832168533284,-2.05528834497241,0.170886111117857,15.2280788174616,32.4515801230834,9.41457555141302,13.7890852629929,21.3546552287861
2015,YR2015,United States,USA,-2.2434721228246,2.80914762910409,1.65918189535913,0.0361309046802651,25.0326551885033,20.6028375910578,10.9742228714991,19.9793301358592,6.96315256383899
2016,YR2016,Afghanistan,AFG,-14.9501951885726,0.516606084407531,0.0773106868241487,3.46484306494719,9.34396072344372,7.07282125915451,19.2001860966372,80.4545438697726,9.0529206533144
2016,YR2016,Argentina,ARG,-2.70922168361454,0.584748941173009,0.320435402314201,0.0702343224152265,36.9982800029617,44.2462783805188,15.0646114375037,20.8489626112095,6.33166323200961
2016,YR2016,Australia,AUS,-3.41838878163823,3.55831274567117,-0.257427389104825,0.170327698187483,64.0314879435418,49.4814743785897,9.316366034839,19.4656611176116,9.99148997170483
2016,YR2016,Bangladesh,BGD,0.351156139183285,0.879488963720566,0.0152756046379116,5.11780674945425,6.03108028982294,6.19938227052677,11.8054709565454,69.2785589929505,4.27641719796191
2016,YR2016,Belgium,BEL,0.555977165115921,12.0862954763607,7.25852898705755,2.26574343730607,7.02416573042411,13.7360954316079,20.4732598139501,23.0262399370665,44.951500240079
2016,YR2016,India,IND,-0.52788060603306,1.93736412242753,0.219945069519434,2.73420120453445,13.8595573607843,17.0726286196316,9.37809579204235,14.7036626028539,11.2315483977033
2016,YR2016,Indonesia,IDN,-1.81915089251385,0.487372471368879,-1.24417683344392,0.955775529544706,48.044441539855,24.8836072624307,15.3147917773245,29.9802752629513,5.76586028964705
2016,YR2016,Ireland,IRL,-4.1937696590293,34.4707735129475,31.3828498411441,0.192753962494538,3.47966119365568,2.83613614402905,5.36834718696287,1.35341893473089,123.670837560637
2016,YR2016,Japan,JPN,3.93809128404803,0.818481615264516,3.56958225944537,0.0765526640097879,17.5023516502709,9.9570604195061,18.0480721708911,20.4556656780184,7.23719631555661
2016,YR2016,Malaysia,MYS,2.36768591329055,4.47130958598651,3.35173960421214,0.532410432040043,50.8007306609123,26.0847371110019,11.6845031360307,24.4414881073145,25.1431470879173
2016,YR2016,Maldives,MDV,-23.4109557302154,10.3547618711193,0,0.0867517790608072,86.6570714557553,25.7832598988588,9.44972269176398,21.5564097604344,90.5843747404602
2016,YR2016,Pakistan,PAK,-2.29279660651385,0.821349998064174,0.0165800465447737,6.31922966290135,6.37723398764678,19.6680255702877,20.8589223147933,35.2057554680253,4.7046902381352
2016,YR2016,United Kingdom,GBR,-5.49879734304565,12.0788528134648,1.22376228720642,0.170401717173611,14.7199576862039,31.9721434308947,8.88300025688106,12.6669254245227,22.6419786390045
2016,YR2016,United States,USA,-2.11937229657855,2.53749765919682,1.60370806321427,0.0338591199244413,24.6181535044612,21.2742403866768,10.4384565308962,18.00678243583,6.9350752234497
2017,YR2017,Afghanistan,AFG,-18.9559612183763,0.274796791444519,0.0600461880764177,4.38709328041628,0.436605869424463,9.53994113861075,27.914380114037,79.8636108614241,8.58068227835621
2017,YR2017,Argentina,ARG,-4.83995921807391,1.78936504083807,0.179549291188486,0.0745674778829443,34.6288388935466,45.1492700782551,12.4261373794606,20.5492959488314,6.32474311903039
2017,YR2017,Australia,AUS,-2.69685523662203,3.63247149539381,0.754012611472074,0.150874629025416,64.3227829529151,49.8466017143741,8.9644866269355,18.4082185144415,10.0654346694685
2017,YR2017,Bangladesh,BGD,-2.03741108431043,0.616294923042192,0.0431456039911316,4.59632792062235,8.80786112143721,7.09513501877379,12.6265120492212,67.6335236894448,4.21031918538101
2017,YR2017,Belgium,BEL,0.699770950800744,-7.41675753843461,-1.05420184204344,2.27452262450408,7.12819006648442,13.5382288918321,20.7309580270819,23.4322162614938,46.3471101190223
2017,YR2017,India,IND,-1.43948820322083,1.50731583257041,0.418263547238185,2.60108787285453,14.7684749816752,16.8630162724458,9.16335489442505,14.9580464247137,11.1132572668504
2017,YR2017,Indonesia,IDN,-1.59465689989364,2.01948919812582,0.197738765986121,0.885128402978051,51.8775936710746,25.3430161970738,13.7087027521129,31.6015525893554,5.71419883403569
2017,YR2017,Ireland,IRL,1.00745973747305,17.2875386297542,0.876113291010775,0.176928559402266,3.08752818195897,2.86065210370265,5.02728051019017,1.26733500335217,122.949121730855
2017,YR2017,Japan,JPN,4.12036966283801,0.381319638034274,3.52374706152561,0.0901069827039233,18.2314984675187,9.42166224315291,18.2777744528832,20.7501743698098,7.70450969724243
2017,YR2017,Malaysia,MYS,2.807870911226,2.93582038058561,1.75751217851537,0.516733919100736,49.5348720185736,25.514880224006,12.0825193977567,26.806698714754,24.9316853361028
2017,YR2017,Maldives,MDV,-21.3164577761262,9.50514528613916,0,0.0834018554209492,91.4338192315035,24.1560905726196,5.88866113870476,26.5312220660393,88.772098454347
2017,YR2017,Pakistan,PAK,-4.76985760466006,0.735837049658425,0.0153299385345505,5.85367806811606,5.56219226223208,18.712107875089,14.4496906030554,34.0264052797273,5.32700653230768
2017,YR2017,United Kingdom,GBR,-3.49784868993649,4.67730914435461,6.41919334686264,0.160770446093424,14.4511314989852,31.3556982534941,8.57722615746754,11.9748680134702,23.8133222049051
2017,YR2017,United States,USA,-1.88739358215214,1.95521086285051,2.10199684628348,0.0325865910055647,23.459621981843,21.24586537145,10.3100637274276,18.5757420712417,7.14954530100521
2018,YR2018,Afghanistan,AFG,-21.5852740597014,0.661572216047427,0.214940579933429,4.45098620665491,3.8040719062328,14.8356498166377,24.6715130317351,70.3991204130766,11.6383046795092
2018,YR2018,Argentina,ARG,-5.16055257152294,2.23253157689253,0.328871218075171,0.0995468179872308,36.2583018042904,43.9498470822759,12.6185766090125,20.2312288155224,7.54917919813125
2018,YR2018,Australia,AUS,-2.2076891353835,4.24456035615871,0.0721641304074266,0.130648846911345,65.1938098387223,50.2303703270311,8.15858532895395,18.5629317965256,10.0394885969748
2018,YR2018,Bangladesh,BGD,-2.20772662316485,0.753510737984269,0.005977377659936,4.84357588234491,6.48707826276085,7.85336798483707,12.0383113060154,58.769627456514,4.68770456378196
2018,YR2018,Belgium,BEL,-0.873036413661141,-7.65717995735734,-6.62645482048669,2.29129219010725,7.14435207925076,14.8788236400709,21.1088919121036,22.9597012952468,45.691900819445
2018,YR2018,India,IND,-2.42697545805262,1.55821483798075,0.422422743087983,2.91499156000614,13.9388381206996,17.1674987721025,9.26982073977189,16.1337181205347,12.1770536784146
2018,YR2018,Indonesia,IDN,-2.93907291477017,1.81428979349441,0.613968176859219,1.07604827122093,52.6352211570739,27.3627113079119,11.5113174569988,32.9777302246272,6.61044323408339
2018,YR2018,Ireland,IRL,6.25034799055455,17.4199352066576,24.5164184230744,0.161272247454776,3.05403506355692,3.13367924406204,4.10470358281358,1.49906164466325,119.65992018016
2018,YR2018,Japan,JPN,3.51661817468288,0.501685482403774,3.17837909643411,0.0866803594795751,21.6695040791027,9.92843285656561,14.9143764381904,19.0308293089727,7.88913324424762
2018,YR2018,Malaysia,MYS,2.23708206947011,2.31458721219734,1.60688802374768,0.469796796132669,48.7392704845028,27.1892332636159,12.6440451468644,26.7885606446152,23.6441016633539
2018,YR2018,Maldives,MDV,-27.802219671875,10.651764787043,0,0.078045331389066,93.3134776093161,25.2514078803212,4.45725879719838,30.2125116028983,84.7975484955556
2018,YR2018,Pakistan,PAK,-5.29556175645778,0.487745750658143,-0.00589675346218826,5.95094743448361,6.5735248757351,16.1526980961325,15.0835427590938,32.1586679962437,4.94281796434968
2018,YR2018,United Kingdom,GBR,-3.92206514953074,-0.872604333652357,-0.997169641740454,0.15288029407412,13.4398443052178,29.9361115510766,8.15005913677738,11.6856566690666,25.0641923011464
2018,YR2018,United States,USA,-2.14216028970484,1.0457039920427,-0.636631934610167,0.0338040258424814,23.1902442969459,22.2353496746534,10.7569219393561,19.533354439447,6.96896705764185
2019,YR2019,Afghanistan,AFG,-20.1704644691265,0.124495985791329,0.140009704521963,4.40742761242297,11.11838276458,10.6610299699705,16.344075024964,76.0157371360045,9.91813401747342
2019,YR2019,Argentina,ARG,-0.779998447561849,1.48500687570697,0.340080898652055,0.125380809015097,35.4040923842923,39.9588586812812,12.9772982549228,19.8027961533616,7.693501885565
2019,YR2019,Australia,AUS,0.367677586484207,2.79345368293896,0.71625414119633,0.126384300157289,64.6173106595049,49.1363657023399,7.82794836874767,18.1584370751657,10.2002969442119
2019,YR2019,Bangladesh,BGD,-0.83946888576644,0.543233710331666,0.00656584303504752,5.22831774181849,6.25109132808275,9.62435209493516,10.0041184791039,59.4891442563287,4.49026337741122
2019,YR2019,Belgium,BEL,0.0946645506326469,-3.98979364981819,-4.77916051364232,2.30096697931429,7.1424793050974,14.9997753752335,20.5942362630882,21.1538571401956,46.2912537256646
2019,YR2019,India,IND,-1.04961203907932,1.78482633953521,0.463417725959521,2.93877465560929,14.3044391469114,17.554619138332,9.83668731813328,18.3547107305621,12.177175131264
2019,YR2019,Indonesia,IDN,-2.7056619813955,2.23336204282241,0.39875629482426,1.04248024307832,53.4451297590398,28.7856311216701,12.4960730292967,29.6325358256654,6.33756632949175
2019,YR2019,Ireland,IRL,-11.263510184531,-11.689488034703,-36.1157553470778,0.147063822434195,2.59126872506598,2.45897594886027,3.62891025207149,1.10614635541225,145.22095017326
2019,YR2019,Japan,JPN,3.45076611445329,0.780785313301259,5.04659310842062,0.0857508506606716,21.9877992116418,9.69635399678607,12.5100611687583,15.5982932785338,8.37991001619129
2019,YR2019,Malaysia,MYS,3.5038866968342,2.50697705748044,2.06144859253905,0.437418180236884,48.2578259120051,28.3340076425765,12.7528186655219,26.3013486123438,23.2213680185054
2019,YR2019,Maldives,MDV,-26.0151356487571,16.783472849825,0,0.077342942801432,93.3642081111342,26.0963622507899,4.43935881556079,28.6114800484225,82.4085963058897
2019,YR2019,Pakistan,PAK,-2.66677325730292,0.696146480411465,-0.026487220606524,6.9340427404279,8.41545786734581,16.0465029988117,15.1810430738567,35.338032407331,5.0373171787148
2019,YR2019,United Kingdom,GBR,-2.6851488847368,0.694070007703287,-0.753954193168224,0.147815247511695,14.0102492471095,30.1106906077887,8.72006469225052,11.6823778642591,25.188005525947
2019,YR2019,United States,USA,-2.06607966606092,1.47787452846554,0.537519893200158,0.0329685602788545,22.3280119302364,22.2464925941657,10.2177896521582,19.014150975197,6.94307402869608
2020,YR2020,Afghanistan,AFG,-15.7183027843226,0.0649939571525687,0.1865534698081,3.95329685147709,9.22680161633576,2.71632780385835,12.3752029968564,83.7869092027777,9.04384549552644
2020,YR2020,Argentina,ARG,0.696935361136032,1.26616924308721,0.305173266187527,0.168011924038753,18.1996974217145,24.0232073872559,13.1716829749686,17.5719989913761,5.57881723836852
2020,YR2020,Australia,AUS,2.35843976209902,1.15059951248,0.623381980979398,0.0899462398998377,52.063098693771,18.260102847679,6.50145347688322,23.0459921804122,6.71529302751726
2020,YR2020,Bangladesh,BGD,0.319006331902619,0.407944154674021,0.0012857912875656,5.81746954234408,3.60699021541983,4.97306856966352,11.3853043620406,63.9170135087064,3.72997148965385
2020,YR2020,Belgium,BEL,1.39191152331958,-4.62629703271134,-3.58820130266718,2.44183416551512,5.27210198018897,10.8837164448422,19.4936640994848,18.9077906625911,45.1845029932697
2020,YR2020,India,IND,1.22511247454844,2.40913593615799,0.416330540868051,3.11234151502779,6.4171238358441,10.8363499447897,10.2345525851482,17.1353202611737,11.9472659977989
2020,YR2020,Indonesia,IDN,-0.418606247736126,1.81058402027127,0.475197656129903,0.91127727787002,22.5218010124537,7.05494306658078,16.2624070442919,29.5389106299677,3.75688314510457
2020,YR2020,Ireland,IRL,-6.16874969443375,8.11527529167462,-21.4565622090319,0.0644063047581487,0.807616084146273,0.685172124577853,1.00916401382255,1.24848873210848,155.835855681285
2020,YR2020,Japan,JPN,2.97158206814151,1.23959848619488,2.97335011707584,0.096811018540475,6.47018644592,2.75089677579042,12.7497445323796,13.9101200854793,7.16658994313313
2020,YR2020,Malaysia,MYS,4.18956779359845,1.20275464255821,0.976716973420633,0.422776119475251,13.5003968794568,14.339977738202,14.8259524434262,29.4133504812813,16.4571779243633
2020,YR2020,Maldives,MDV,-35.7545093172221,11.8706880816543,0,0.125253488076171,91.4308433911675,15.0791289382502,5.50544620103832,28.53463353695,61.1218591761007
2020,YR2020,Pakistan,PAK,-0.216650637871501,0.684695289874347,-0.0149787496569497,8.68401332889248,8.14158569899871,10.1691383183151,11.2214789496427,34.4766851213985,4.45268764141137
2020,YR2020,United Kingdom,GBR,-2.89926408011784,4.91050897300888,-0.164757014376196,0.120397592731741,7.34703501375372,12.2116202110736,6.3250027955253,8.52261684535907,22.8765210328093
2020,YR2020,United States,USA,-2.83538257957979,0.656979527348296,1.36113748089242,0.0324161750844288,9.97941607748917,7.22771937499732,7.91303809058303,15.6450111730166,5.66272640356884
2021,YR2021,Afghanistan,AFG,..,0.144401057885726,0.215827015248903,2.10282838810331,..,..,..,..,..
2021,YR2021,Argentina,ARG,1.36185053498969,1.41479889665723,0.314974762600463,0.184693263456376,4.14990716435513,10.3571370756444,17.8394046347572,28.1517083244063,4.63209734747235
2021,YR2021,Australia,AUS,3.1992801618766,1.59295956078449,0.457819101534347,0.0600643224941023,38.1281403410534,2.82677696398221,6.39546015203363,33.2803540185643,5.52477482971291
2021,YR2021,Bangladesh,BGD,-3.78975493778659,0.41412496609125,0.0199835285641331,5.334465789044,3.65213432809382,5.78660536316976,17.8673571682562,67.1717776115092,4.40597975973846
2021,YR2021,Belgium,BEL,1.37040862035535,4.00114187918817,7.58673139168124,2.28196469749213,4.64483507115015,10.8915721363107,20.34660138607,21.3113837543938,44.9050720963824
2021,YR2021,India,IND,-1.06092393739783,1.41977527417808,0.547208107643804,2.83703006663007,3.59445443988718,10.3500164525844,12.192285718904,22.0818886545431,12.0188120755298
2021,YR2021,Indonesia,IDN,0.295886970720518,1.78786201338535,0.330948853446819,0.792447016859114,3.73258243850498,1.65236415946812,23.5335042008664,33.5297547550862,3.5820363613407
2021,YR2021,Ireland,IRL,13.8118140232361,15.781059187596,27.9820845326168,0.0350326255742121,0.752241257297978,0.728050241511852,0.95738086435366,1.61767126253399,136.464590132001
2021,YR2021,Japan,JPN,3.93872757953459,0.692617830985189,4.19462117893417,0.105760767396346,2.843621072637,1.3520414296578,14.8111207876058,15.4052150256424,7.59734367407189
2021,YR2021,Malaysia,MYS,3.87698294297119,5.41557013448805,3.419975136863,0.415248787020191,0.365716260464532,9.87793392374501,18.7019183617871,31.4504010234878,15.6020577728614
2021,YR2021,Maldives,MDV,-8.65951551921856,12.2342196115976,0,0.0929260501382435,94.8354210484306,14.0464168174717,3.73482278695731,31.5337209957998,91.1888762126127
2021,YR2021,Pakistan,PAK,-3.52439577565177,0.616039439073827,0.0694371421778603,8.98436279286431,8.54214993230461,9.19040729278182,9.33707415319635,50.5531529519909,4.91544553913919
2021,YR2021,United Kingdom,GBR,-0.473835565696513,0.188516350562574,5.12276515999755,0.11014219967688,7.94950005713588,12.8863895020146,5.47440865067071,7.84592879658357,23.1692830830878
2021,YR2021,United States,USA,-3.56615967017701,2.11487581495193,1.69019360231625,0.0306711357123443,8.91379783808073,10.1389460131257,8.24512569588337,19.0853167861805,5.83463564064992
2022,YR2022,Afghanistan,AFG,..,..,..,..,..,..,..,..,..
2022,YR2022,Argentina,ARG,-0.679748558749122,2.44137723872318,0.329003495800415,0.200821110481768,23.9775497681666,26.0156735528995,15.2730557472051,29.6884537064143,5.68540124917895
2022,YR2022,Australia,AUS,1.05582266727538,3.96459746512681,7.28643363808259,0.076661117304096,46.5230987495319,24.1687505058531,7.39179605507789,34.8574856483553,6.96617671203212
2022,YR2022,Bangladesh,BGD,-3.12245758137043,0.337983624002618,0.0033866594681482,4.67273676302105,5.07002018377635,10.9124025771032,17.4605201997123,68.2200379424832,4.43835293707687
2022,YR2022,Belgium,BEL,-0.909094883918823,1.67850150465927,6.37046843579345,2.30320845135831,5.04958663354056,11.6935481021143,22.3138731831927,22.7980751366541,47.2746202252628
2022,YR2022,India,IND,-2.31370021875076,1.46167501540422,0.4253367325178,3.25529131155448,6.90442883672712,14.6351379060913,12.1320487760283,24.6138771190999,14.2307855343984
2022,YR2022,Indonesia,IDN,0.96051436176983,1.62446629075669,0.501244393717393,0.75505218824138,29.0728380412235,15.1265923892499,20.233521541092,29.7199438006295,5.0385919609375
2022,YR2022,Ireland,IRL,10.8427274129919,2.80462452201898,3.87292708115003,0.0817254179503934,1.94586212523227,2.34505127589677,2.26362843337611,1.78444499280361,133.831181535914
2022,YR2022,Japan,JPN,2.14932339252481,1.12288407997435,4.14447233588696,0.127208126276266,5.27014850058972,1.72066563040455,17.2713145671672,17.3088161708835,8.98282059279948
2022,YR2022,Malaysia,MYS,3.01484417118511,3.61793052767227,2.64328270746883,0.397903395367948,19.932635751834,14.9029381082637,18.2554762682575,30.387945439873,18.7389944234546
2022,YR2022,Maldives,MDV,-16.7415620975497,11.6988794804132,0,0.08308392430557,95.7859955025425,19.4035765454789,2.89545533659095,29.5841132584019,101.844882301962
2022,YR2022,Pakistan,PAK,-3.20202330658949,0.357355060434618,0.355220004061596,7.97203361481889,9.84780077125093,14.2591451446772,11.6500150319073,56.3278731059102,4.86366242097565
2022,YR2022,United Kingdom,GBR,-3.2934952829899,1.42848380235268,5.14477496098653,0.125519904202982,12.8446612937253,28.2167644121095,6.80274916792961,11.0396791917176,26.6802494877839
2022,YR2022,United States,USA,-3.81920384281261,1.52548182565046,1.67553469577078,0.0292102501208741,14.7404561819558,16.550812462592,9.79555923160512,22.6262327600189,6.38860521153944
,,,,,,,,,,,,
,,,,,,,,,,,,
,,,,,,,,,,,,
Data from database: World Development Indicators,,,,,,,,,,,,
Last Updated: 12/18/2023,,,,,,,,,,,,
